AC_NAME,ST_NAME,AC_TYPE,REGION,GEOSTATUS,RELSTATUS,PHASE,PC_NAME,CCODE,FACTOR,LY_WINNER,BASTION,BSP_MUSLIM,SHIVPAL_FACTOR,LEADS_2014
BEHAT,UTTAR PRADESH,GENERAL,WEST,RURAL,MUSLIM,2,SAHARANPUR,24001,MUSLIM,BSP,0,Y,n,CONG
SAHARANPUR NAGAR,UTTAR PRADESH,GENERAL,WEST,URBAN,MUSLIM,2,SAHARANPUR,24003,MUSLIM,BJP,0,0,n,BJP
SAHARANPUR,UTTAR PRADESH,GENERAL,WEST,RURAL,MUSLIM,2,SAHARANPUR,24004,MUSLIM,BSP, ,0,n,CONG
DEOBAND,UTTAR PRADESH,GENERAL,WEST,RURAL,MUSLIM,2,SAHARANPUR,24005,MUSLIM,SP,0,Y,Y,BJP
RAMPUR MANIHARAN,UTTAR PRADESH,SC,WEST,RURAL,MIXED,2,SAHARANPUR,24006,DALIT,BSP,0,0,n,BJP
NAKUR,UTTAR PRADESH,GENERAL,WEST,RURAL,MUSLIM,2,KAIRANA,24002,MUSLIM,BSP,0,0,Y,BJP
GANGOH,UTTAR PRADESH,GENERAL,WEST,RURAL,MUSLIM,2,KAIRANA,24007,MUSLIM,CONG,0,0,Y,BJP
KAIRANA,UTTAR PRADESH,GENERAL,WEST,SEMI-URBAN,MUSLIM,1,KAIRANA,24008,MUSLIM,BJP,0,0,n,BJP
THANA BHAWAN,UTTAR PRADESH,GENERAL,WEST,RURAL,MUSLIM,1,KAIRANA,24009,MUSLIM,BJP,BJP,Y,Y,BJP
SHAMLI,UTTAR PRADESH,GENERAL,WEST,SEMI-URBAN,MUSLIM,1,KAIRANA,24010,JAT,CONG,0,Y,n,BJP
BUDHANA,UTTAR PRADESH,GENERAL,WEST,RURAL,MUSLIM,1,MUZAFFARNAGAR,24011,MUSLIM,SP,0,Y,n,BJP
CHARTHAWAL,UTTAR PRADESH,GENERAL,WEST,RURAL,MUSLIM,1,MUZAFFARNAGAR,24012,MUSLIM,BSP,0,Y,n,BJP
MUZAFFAR NAGAR,UTTAR PRADESH,GENERAL,WEST,URBAN,MUSLIM,1,MUZAFFARNAGAR,24014,MUSLIM,SP,0,0,Y,BJP
KHATAULI,UTTAR PRADESH,GENERAL,WEST,RURAL,MUSLIM,1,MUZAFFARNAGAR,24015,DALIT,RLD,0,0,n,BJP
SARDHANA,UTTAR PRADESH,GENERAL,WEST,RURAL,MUSLIM,1,MUZAFFARNAGAR,24044,MUSLIM,BJP,0,Y,Y,BJP
PURQAZI,UTTAR PRADESH,SC,WEST,RURAL,MUSLIM,1,BIJNOR,24013,DALIT,BSP,0,0,Y,BJP
MEERAPUR,UTTAR PRADESH,GENERAL,WEST,RURAL,MUSLIM,1,BIJNOR,24016,DALIT,BSP,0,Y,Y,BJP
BIJNOR,UTTAR PRADESH,GENERAL,RUHELKHAND,SEMI-URBAN,MUSLIM,2,BIJNOR,24022,MUSLIM,BJP,0,Y,n,BJP
CHANDPUR,UTTAR PRADESH,GENERAL,RUHELKHAND,RURAL,MUSLIM,2,BIJNOR,24023,MUSLIM,BSP,0,Y,Y,BJP
HASTINAPUR,UTTAR PRADESH,SC,WEST,SEMI-URBAN,MIXED,1,BIJNOR,24045,DALIT,SP,0,0,n,BJP
NAJIBABAD,UTTAR PRADESH,GENERAL,RUHELKHAND,SEMI-URBAN,MUSLIM,2,NAGINA,24017,MUSLIM,BSP,0,Y,n,SP
NAGINA,UTTAR PRADESH,SC,RUHELKHAND,SEMI-URBAN,MUSLIM,2,NAGINA,24018,MUSLIM,SP,0,0,Y,BJP
DHAMPUR,UTTAR PRADESH,GENERAL,RUHELKHAND,SEMI-URBAN,MUSLIM,2,NAGINA,24020,MUSLIM,SP,0,Y,n,BJP
NEHTAUR,UTTAR PRADESH,SC,RUHELKHAND,RURAL,MIXED,2,NAGINA,24021,DALIT,BSP,0,0,n,BJP
NOORPUR,UTTAR PRADESH,GENERAL,RUHELKHAND,RURAL,MUSLIM,2,NAGINA,24024,MUSLIM,BJP,0,Y,n,BJP
BARHAPUR,UTTAR PRADESH,GENERAL,RUHELKHAND,RURAL,MUSLIM,2,MORADABAD,24019,MUSLIM,BSP,0,Y,n,BJP
KANTH,UTTAR PRADESH,GENERAL,RUHELKHAND,RURAL,MUSLIM,2,MORADABAD,24025,MUSLIM,PCP,0,Y,n,BJP
THAKURDWARA,UTTAR PRADESH,GENERAL,RUHELKHAND,RURAL,MUSLIM,2,MORADABAD,24026,MUSLIM,BJP,0,0,Y,SP
MORADABAD RURAL,UTTAR PRADESH,GENERAL,RUHELKHAND,SEMI-URBAN,MUSLIM,2,MORADABAD,24027,MUSLIM,SP,0,0,Y,SP
MORADABAD NAGAR,UTTAR PRADESH,GENERAL,RUHELKHAND,URBAN,MUSLIM,2,MORADABAD,24028,MUSLIM,SP,0,Y,Y,BJP
SUAR,UTTAR PRADESH,GENERAL,RUHELKHAND,RURAL,MUSLIM,2,RAMPUR,24034,MUSLIM,CONG,0,Y,n,SP
CHAMRAUA,UTTAR PRADESH,GENERAL,RUHELKHAND,RURAL,MUSLIM,2,RAMPUR,24035,MUSLIM,BSP,0,Y,n,SP
BILASPUR,UTTAR PRADESH,GENERAL,RUHELKHAND,RURAL,MUSLIM,2,RAMPUR,24036,MUSLIM,CONG,0,0,n,BJP
RAMPUR,UTTAR PRADESH,GENERAL,RUHELKHAND,SEMI-URBAN,MUSLIM,2,RAMPUR,24037,MUSLIM,SP,SP,Y,n,SP
MILAK,UTTAR PRADESH,SC,RUHELKHAND,RURAL,MUSLIM,2,RAMPUR,24038,MUSLIM,SP,0,0,n,BJP
KUNDARKI,UTTAR PRADESH,GENERAL,RUHELKHAND,RURAL,MUSLIM,2,SAMBHAL,24029,MUSLIM,SP,0,Y,n,SP
BILARI,UTTAR PRADESH,GENERAL,RUHELKHAND,RURAL,MUSLIM,2,SAMBHAL,24030,MUSLIM,SP,0,0,Y,BJP
CHANDAUSI,UTTAR PRADESH,SC,RUHELKHAND,SEMI-URBAN,MIXED,2,SAMBHAL,24031,MUSLIM,SP,0,0,Y,BJP
ASMOLI,UTTAR PRADESH,GENERAL,RUHELKHAND,RURAL,MUSLIM,2,SAMBHAL,24032,MUSLIM,SP,SP,Y,n,SP
SAMBHAL,UTTAR PRADESH,GENERAL,RUHELKHAND,SEMI-URBAN,MUSLIM,2,SAMBHAL,24033,MUSLIM,SP,0,Y,n,SP
DHANAURA,UTTAR PRADESH,SC,RUHELKHAND,RURAL,MUSLIM,2,DHANAURA,24039,MUSLIM,SP,0,0,Y,BJP
NAUGAWAN SADAT,UTTAR PRADESH,GENERAL,RUHELKHAND,RURAL,MUSLIM,2,DHANAURA,24040,MUSLIM,SP,0,0,Y,BJP
AMROHA,UTTAR PRADESH,GENERAL,RUHELKHAND,SEMI-URBAN,MUSLIM,2,DHANAURA,24041,MUSLIM,SP,0,Y,n,SP
HASANPUR,UTTAR PRADESH,GENERAL,RUHELKHAND,RURAL,MUSLIM,2,DHANAURA,24042,MUSLIM,SP,0,0,n,BJP
GARHMUKTESHWAR,UTTAR PRADESH,GENERAL,WEST,RURAL,MUSLIM,1,DHANAURA,24060,MUSLIM,SP,0,0,n,BJP
KITHORE,UTTAR PRADESH,GENERAL,WEST,RURAL,MUSLIM,1,MEERUT,24046,MUSLIM,SP,0,0,n,BJP
MEERUT CANTT,UTTAR PRADESH,GENERAL,WEST,URBAN,MUSLIM,1,MEERUT,24047,DALIT,BJP,BJP,0,Y,BJP
MEERUT,UTTAR PRADESH,GENERAL,WEST,URBAN,MUSLIM,1,MEERUT,24048,MUSLIM,BJP,0,0,Y,BJP
MEERUT SOUTH,UTTAR PRADESH,GENERAL,WEST,URBAN,MUSLIM,1,MEERUT,24049,MUSLIM,BJP,0,Y,n,BJP
HAPUR,UTTAR PRADESH,SC,WEST,SEMI-URBAN,MIXED,1,MEERUT,24059,DALIT,CONG,0,0,n,BJP
SIWAL KHAS,UTTAR PRADESH,GENERAL,WEST,RURAL,MUSLIM,1,BAGHPAT,24043,DALIT,SP,0,Y,n,BJP
CHHAPRAULI,UTTAR PRADESH,GENERAL,WEST,RURAL,MIXED,1,BAGHPAT,24050,JAT,RLD,0,0,n,BJP
BARAUT,UTTAR PRADESH,GENERAL,WEST,RURAL,MIXED,1,BAGHPAT,24051,JAT,BSP,0,0,Y,BJP
BAGHPAT,UTTAR PRADESH,GENERAL,WEST,SEMI-URBAN,MIXED,1,BAGHPAT,24052,MUSLIM,BSP,0,Y,Y,BJP
MODINAGAR,UTTAR PRADESH,GENERAL,WEST,SEMI-URBAN,MIXED,1,BAGHPAT,24057,DALIT,RLD,0,0,Y,BJP
LONI,UTTAR PRADESH,GENERAL,WEST,SEMI-URBAN,MUSLIM,1,GHAZIABAD,24053,MUSLIM,BSP,0,Y,n,BJP
MURADNAGAR,UTTAR PRADESH,GENERAL,WEST,SEMI-URBAN,MIXED,1,GHAZIABAD,24054,DALIT,BSP,0, ,Y,BJP
SAHIBABAD,UTTAR PRADESH,GENERAL,WEST,SEMI-URBAN,MIXED,1,GHAZIABAD,24055,DALIT,BSP,0,Y,Y,BJP
GHAZIABAD,UTTAR PRADESH,GENERAL,WEST,URBAN,MIXED,1,GHAZIABAD,24056,DALIT,BSP,0,0,n,BJP
DHOLANA,UTTAR PRADESH,GENERAL,WEST,RURAL,MIXED,1,GHAZIABAD,24058,MUSLIM,SP,0,Y,n,BJP
NOIDA,UTTAR PRADESH,GENERAL,WEST,URBAN,MIXED,1,GAUTAM BUDDHA NAGAR,24061,BRAHMIN,BJP,BJP,0,Y,BJP
DADRI,UTTAR PRADESH,GENERAL,WEST,RURAL,MIXED,1,GAUTAM BUDDHA NAGAR,24062,GUJJAR,BSP,0,0,n,BJP
JEWAR,UTTAR PRADESH,GENERAL,WEST,RURAL,MIXED,1,GAUTAM BUDDHA NAGAR,24063,RAJPUT,BSP,0,0,Y,BJP
SIKANDRABAD,UTTAR PRADESH,GENERAL,WEST,SEMI-URBAN,MIXED,1,GAUTAM BUDDHA NAGAR,24064,DALIT,BJP,0,Y,Y,BJP
KHURJA,UTTAR PRADESH,SC,WEST,RURAL,MIXED,1,GAUTAM BUDDHA NAGAR,24070,RAJPUT,CONG,0,0,Y,BJP
BULANDSHAHR,UTTAR PRADESH,GENERAL,WEST,SEMI-URBAN,MUSLIM,1,BULANDSHAHR,24065,MUSLIM,BSP,0,Y,n,BJP
SYANA,UTTAR PRADESH,GENERAL,WEST,RURAL,MIXED,1,BULANDSHAHR,24066,LODH,CONG,0,Y,Y,BJP
ANUPSHAHR,UTTAR PRADESH,GENERAL,WEST,RURAL,MIXED,1,BULANDSHAHR,24067,JAT,BSP,0,0,n,BJP
DEBAI,UTTAR PRADESH,GENERAL,WEST,RURAL,MIXED,1,BULANDSHAHR,24068,LODH,SP,0,0,n,BJP
SHIKARPUR,UTTAR PRADESH,GENERAL,WEST,RURAL,MIXED,1,BULANDSHAHR,24069,YADAV,SP,0,0,n,BJP
KHAIR,UTTAR PRADESH,SC,DOAB,RURAL,MIXED,1,ALIGARH,24071,JAT,RLD,0,0,n,BJP
BARAULI,UTTAR PRADESH,GENERAL,DOAB,RURAL,MIXED,1,ALIGARH,24072,RAJPUT,RLD,0,0,n,BJP
ATRAULI,UTTAR PRADESH,GENERAL,DOAB,RURAL,MIXED,1,ALIGARH,24073,LODH,SP,0,Y,n,BJP
KOIL,UTTAR PRADESH,GENERAL,DOAB,SEMI-URBAN,MIXED,1,ALIGARH,24075,MUSLIM,SP,0,0,Y,BJP
ALIGARH,UTTAR PRADESH,GENERAL,DOAB,URBAN,MUSLIM,1,ALIGARH,24076,MUSLIM,SP,0,Y,n,BJP
CHHARRA,UTTAR PRADESH,GENERAL,DOAB,RURAL,MIXED,1,HATHRAS,24074,DALIT,SP,0,Y,Y,BJP
IGLAS,UTTAR PRADESH,SC,DOAB,RURAL,MIXED,1,HATHRAS,24077,JAT,RLD,0,0,Y,BJP
HATHRAS,UTTAR PRADESH,SC,DOAB,SEMI-URBAN,MIXED,1,HATHRAS,24078,RAJPUT,BSP,0,0,n,BJP
SADABAD,UTTAR PRADESH,GENERAL,DOAB,RURAL,MIXED,1,HATHRAS,24079,JAT,SP,0,0,n,BJP
SIKANDRA RAO,UTTAR PRADESH,GENERAL,DOAB,RURAL,MIXED,1,HATHRAS,24080,RAJPUT,BSP,0,0,n,BJP
CHHATA,UTTAR PRADESH,GENERAL,DOAB,RURAL,MIXED,1,MATHURA,24081,RAJPUT,RLD,0,0,n,BJP
MANT,UTTAR PRADESH,GENERAL,DOAB,RURAL,MIXED,1,MATHURA,24082,JAT,RLD,0,0,Y,BJP
GOVERDHAN,UTTAR PRADESH,GENERAL,DOAB,RURAL,MIXED,1,MATHURA,24083,RAJPUT,BSP,0,0,n,BJP
MATHURA,UTTAR PRADESH,GENERAL,DOAB,URBAN,MIXED,1,MATHURA,24084,BRAHMIN,CONG,0,0,n,BJP
BALDEV,UTTAR PRADESH,SC,DOAB,RURAL,MIXED,1,MATHURA,24085,DALIT,RLD,0,0,n,BJP
ETMADPUR,UTTAR PRADESH,GENERAL,DOAB,SEMI-URBAN,MIXED,1,AGRA,24086,RAJPUT,BSP,0,0,Y,BJP
AGRA CANTT,UTTAR PRADESH,SC,DOAB,URBAN,MIXED,1,AGRA,24087,DALIT,BSP,0,0,Y,BJP
AGRA SOUTH,UTTAR PRADESH,GENERAL,DOAB,URBAN,MIXED,1,AGRA,24088,MUSLIM,BJP,BJP,Y,Y,BJP
AGRA NORTH,UTTAR PRADESH,GENERAL,DOAB,URBAN,MIXED,1,AGRA,24089,VAISHYA,BJP,BJP,0,Y,BJP
JALESAR,UTTAR PRADESH,SC,DOAB,RURAL,MIXED,1,AGRA,24106,YADAV,SP,0,0,n,BJP
AGRA RURAL,UTTAR PRADESH,SC,DOAB,RURAL,MIXED,1,FATEHPUR SIKRI,24090,DALIT,BSP,0,0,n,BJP
FATEHPUR SIKRI,UTTAR PRADESH,GENERAL,DOAB,RURAL,MIXED,1,FATEHPUR SIKRI,24091,JAT,BSP,0,0,Y,BJP
KHERAGARH,UTTAR PRADESH,GENERAL,DOAB,RURAL,MIXED,1,FATEHPUR SIKRI,24092,RAJPUT,BSP,0,0,Y,BJP
FATEHABAD,UTTAR PRADESH,GENERAL,DOAB,RURAL,MIXED,1,FATEHPUR SIKRI,24093,RAJPUT,BSP,0,0,n,BJP
BAH,UTTAR PRADESH,GENERAL,DOAB,RURAL,MIXED,1,FATEHPUR SIKRI,24094,RAJPUT,SP,0,0,Y,SP
TUNDLA,UTTAR PRADESH,SC,DOAB,RURAL,MIXED,1,FIROZABAD,24095,DALIT,BSP,0,0,Y,BJP
JASRANA,UTTAR PRADESH,GENERAL,DOAB,RURAL,MIXED,1,FIROZABAD,24096,YADAV,SP,SP,0,Y,SP
FIROZABAD,UTTAR PRADESH,GENERAL,DOAB,URBAN,MUSLIM,1,FIROZABAD,24097,MUSLIM,BJP,0,Y,n,BJP
SHIKOHABAD,UTTAR PRADESH,GENERAL,DOAB,RURAL,MIXED,1,FIROZABAD,24098,LODH,SP,SP,0,Y,SP
SIRSAGANJ,UTTAR PRADESH,GENERAL,DOAB,RURAL,MIXED,1,FIROZABAD,24099,YADAV,SP,SP,0,Y,SP
MAINPURI,UTTAR PRADESH,GENERAL,DOAB,SEMI-URBAN,MIXED,3,MAINPURI,24107,YADAV,SP,SP,0,Y,SP
BHONGAON,UTTAR PRADESH,GENERAL,DOAB,RURAL,MIXED,3,MAINPURI,24108,LODH,SP,0,0,Y,BJP
KISHANI,UTTAR PRADESH,SC,DOAB,RURAL,MIXED,3,MAINPURI,24109,DALIT,SP,SP,0,Y,SP
KARHAL,UTTAR PRADESH,GENERAL,DOAB,RURAL,MIXED,3,MAINPURI,24110,YADAV,SP,SP,0,n,SP
JASWANTNAGAR,UTTAR PRADESH,GENERAL,DOAB,RURAL,MIXED,3,MAINPURI,24199,YADAV,SP,SP,0,n,SP
KASGANJ,UTTAR PRADESH,GENERAL,DOAB,SEMI-URBAN,MIXED,1,ETAH,24100,LODH,SP,0,0,n,BJP
AMANPUR,UTTAR PRADESH,GENERAL,DOAB,RURAL,MIXED,1,ETAH,24101,DALIT,BSP,0,0,Y,BJP
PATIYALI,UTTAR PRADESH,GENERAL,DOAB,RURAL,MIXED,1,ETAH,24102,MUSLIM,SP,0,0,Y,BJP
ETAH,UTTAR PRADESH,GENERAL,DOAB,SEMI-URBAN,MIXED,1,ETAH,24104,YADAV,SP,0,0,Y,BJP
MARHARA,UTTAR PRADESH,GENERAL,DOAB,RURAL,MIXED,1,ETAH,24105,LODH,SP,0,0,n,BJP
GUNNAUR,UTTAR PRADESH,GENERAL,RUHELKHAND,RURAL,MIXED,2,BADAUN,24111,YADAV,SP,SP,Y,n,SP
BISAULI,UTTAR PRADESH,SC,RUHELKHAND,RURAL,MIXED,2,BADAUN,24112,YADAV,SP,0,0,n,SP
SAHASWAN,UTTAR PRADESH,GENERAL,RUHELKHAND,RURAL,MIXED,2,BADAUN,24113,MUSLIM,SP,SP,Y,n,SP
BILSI,UTTAR PRADESH,GENERAL,RUHELKHAND,RURAL,MIXED,2,BADAUN,24114,MUSLIM,BSP,0,Y,n,SP
BADAUN,UTTAR PRADESH,GENERAL,RUHELKHAND,SEMI-URBAN,MIXED,2,BADAUN,24115,MUSLIM,SP,0,0,Y,SP
SHEKHUPUR,UTTAR PRADESH,GENERAL,RUHELKHAND,RURAL,MIXED,2,AONLA,24116,MUSLIM,SP,0,Y,n,BJP
DATAGANJ,UTTAR PRADESH,GENERAL,RUHELKHAND,RURAL,MIXED,2,AONLA,24117,SHAKYA,BSP,0,0,n,BJP
FARIDPUR,UTTAR PRADESH,SC,RUHELKHAND,RURAL,MIXED,2,AONLA,24122,MUSLIM,SP,0,0,n,BJP
BITHARI CHAINPUR,UTTAR PRADESH,GENERAL,RUHELKHAND,RURAL,MIXED,2,AONLA,24123,MUSLIM,BSP,0,0,n,BJP
AONLA,UTTAR PRADESH,GENERAL,RUHELKHAND,RURAL,MIXED,2,AONLA,24126,LODH,BJP,BJP,0,Y,BJP
MEERGANJ,UTTAR PRADESH,GENERAL,RUHELKHAND,RURAL,MUSLIM,2,BAREILLY,24119,MUSLIM,BSP,0,Y,Y,BJP
BHOJIPURA,UTTAR PRADESH,GENERAL,RUHELKHAND,RURAL,MUSLIM,2,BAREILLY,24120,MUSLIM,IEMC,0,Y,n,BJP
NAWABGANJ,UTTAR PRADESH,GENERAL,RUHELKHAND,RURAL,MUSLIM,2,BAREILLY,24121,KURMI,SP,0,0,Y,BJP
BAREILLY,UTTAR PRADESH,GENERAL,RUHELKHAND,URBAN,MUSLIM,2,BAREILLY,24124,MUSLIM,BJP,0,Y,Y,BJP
BAREILLY CANTT,UTTAR PRADESH,GENERAL,RUHELKHAND,URBAN,MUSLIM,2,BAREILLY,24125,MUSLIM,BJP,0,0,Y,BJP
BAHERI,UTTAR PRADESH,GENERAL,RUHELKHAND,RURAL,MUSLIM,2,PILIBHIT,24118,MUSLIM,SP,0,Y,Y,BJP
PILIBHIT,UTTAR PRADESH,GENERAL,RUHELKHAND,SEMI-URBAN,MIXED,2,PILIBHIT,24127,MUSLIM,SP,0,Y,n,BJP
BARKHERA,UTTAR PRADESH,GENERAL,RUHELKHAND,RURAL,MIXED,2,PILIBHIT,24128,KURMI,SP,0,0,Y,BJP
PURANPUR,UTTAR PRADESH,SC,RUHELKHAND,RURAL,MIXED,2,PILIBHIT,24129,DALIT,SP,0,0,n,BJP
BISALPUR,UTTAR PRADESH,GENERAL,RUHELKHAND,RURAL,MIXED,2,PILIBHIT,24130,MUSLIM,BJP,BJP,0,n,BJP
KATRA,UTTAR PRADESH,GENERAL,RUHELKHAND,RURAL,MUSLIM,2,SHAHJAHANPUR,24131,MUSLIM,SP,0,0,n,BJP
JALALABAD,UTTAR PRADESH,GENERAL,RUHELKHAND,RURAL,MIXED,2,SHAHJAHANPUR,24132,YADAV,BSP,0,0,n,BJP
TILHAR,UTTAR PRADESH,GENERAL,RUHELKHAND,RURAL,MIXED,2,SHAHJAHANPUR,24133,MUSLIM,BSP,0,0,n,BJP
POWAYAN,UTTAR PRADESH,SC,RUHELKHAND,RURAL,MIXED,2,SHAHJAHANPUR,24134,DALIT,SP,0,0,n,BJP
SHAHJAHANPUR,UTTAR PRADESH,GENERAL,RUHELKHAND,URBAN,MIXED,2,SHAHJAHANPUR,24135,MUSLIM,BJP,BJP,Y,n,BJP
DADRAUL,UTTAR PRADESH,GENERAL,RUHELKHAND,RURAL,MIXED,2,SHAHJAHANPUR,24136,MUSLIM,SP,0,Y,n,BJP
PALIA,UTTAR PRADESH,GENERAL,AVADH,RURAL,MIXED,2,KHERI,24137,DALIT,BSP,0,0,n,BJP
NIGHASAN,UTTAR PRADESH,GENERAL,AVADH,RURAL,MIXED,2,KHERI,24138,DALIT,BJP,BJP,0,n,BJP
GOLA GOKARNNATH,UTTAR PRADESH,GENERAL,AVADH,RURAL,MIXED,2,KHERI,24139,DALIT,SP,0,0,n,BSP
SRI NAGAR,UTTAR PRADESH,SC,AVADH,RURAL,MIXED,2,KHERI,24140,DALIT,SP,0,0,Y,BJP
LAKHIMPUR,UTTAR PRADESH,GENERAL,AVADH,SEMI-URBAN,MIXED,2,KHERI,24142,DALIT,SP,0,0,n,BJP
DHAURAHRA,UTTAR PRADESH,GENERAL,AVADH,RURAL,MIXED,2,DHAURAHRA,24141,DALIT,BSP,0,Y,n,BJP
KASTA,UTTAR PRADESH,SC,AVADH,RURAL,MIXED,2,DHAURAHRA,24143,DALIT,SP,0,0,n,BJP
MOHAMMDI,UTTAR PRADESH,GENERAL,AVADH,RURAL,MIXED,2,DHAURAHRA,24144,DALIT,BSP,0,Y,n,BJP
MAHOLI,UTTAR PRADESH,GENERAL,AVADH,RURAL,MIXED,3,DHAURAHRA,24145,DALIT,SP,0,0,n,BJP
HARGAON,UTTAR PRADESH,SC,AVADH,RURAL,MIXED,3,DHAURAHRA,24147,DALIT,BSP,0,0,n,BJP
SITAPUR,UTTAR PRADESH,GENERAL,AVADH,SEMI-URBAN,MIXED,3,SITAPUR,24146,DALIT,SP,0,Y,n,BJP
LAHARPUR,UTTAR PRADESH,GENERAL,AVADH,RURAL,MIXED,3,SITAPUR,24148,OBC,BSP,BSP,Y,n,BSP
BISWAN,UTTAR PRADESH,GENERAL,AVADH,RURAL,MIXED,3,SITAPUR,24149,OBC,SP,0,0,Y,BSP
SEVATA,UTTAR PRADESH,GENERAL,AVADH,RURAL,MIXED,3,SITAPUR,24150,BRAHMIN,SP,0,Y,Y,BJP
MAHMOODABAD,UTTAR PRADESH,GENERAL,AVADH,RURAL,MIXED,3,SITAPUR,24151,OBC,SP,0,0,n,BJP
SAWAIJPUR,UTTAR PRADESH,GENERAL,AVADH,RURAL,MIXED,3,HARDOI,24154,BRAHMIN,BSP,0,0,n,BJP
SHAHABAD,UTTAR PRADESH,GENERAL,AVADH,RURAL,MIXED,3,HARDOI,24155,MUSLIM,SP,0,Y,n,BJP
HARDOI,UTTAR PRADESH,GENERAL,AVADH,SEMI-URBAN,MIXED,3,HARDOI,24156,DALIT,SP,SP,0,n,SP
GOPAMAU,UTTAR PRADESH,SC,AVADH,RURAL,MIXED,3,HARDOI,24157,DALIT,SP,0,0,n,BSP
SANDI,UTTAR PRADESH,SC,AVADH,RURAL,MIXED,3,HARDOI,24158,DALIT,SP,SP,0,n,SP
MISRIKH,UTTAR PRADESH,SC,AVADH,RURAL,MIXED,3,MISRIKH,24153,DALIT,SP,0,0,n,BSP
BILGRAM-MALLANWAN,UTTAR PRADESH,GENERAL,AVADH,RURAL,MIXED,3,MISRIKH,24159,DALIT,BSP,0,0,Y,BJP
BALAMAU,UTTAR PRADESH,SC,AVADH,RURAL,MIXED,3,MISRIKH,24160,DALIT,SP,0,0,Y,BSP
SANDILA,UTTAR PRADESH,GENERAL,AVADH,RURAL,MIXED,3,MISRIKH,24161,DALIT,SP,0,0,n,BJP
BILHAUR,UTTAR PRADESH,SC,DOAB,RURAL,MIXED,3,MISRIKH,24209,DALIT,SP,0,0,n,BJP
BANGERMAU,UTTAR PRADESH,GENERAL,AVADH,RURAL,MIXED,3,UNNAO,24162,MUSLIM,SP,0,Y,n,BJP
SAFIPUR,UTTAR PRADESH,SC,AVADH,RURAL,MIXED,3,UNNAO,24163,RAWAT(OBC),SP,0,0,n,BJP
MOHAN,UTTAR PRADESH,SC,AVADH,RURAL,MIXED,3,UNNAO,24164,DALIT,BSP,0,0,n,BJP
UNNAO,UTTAR PRADESH,GENERAL,AVADH,SEMI-URBAN,MIXED,3,UNNAO,24165,BRAHMIN,SP,0,0,n,BJP
BHAGWANTNAGAR,UTTAR PRADESH,GENERAL,AVADH,RURAL,MIXED,3,UNNAO,24166,BRAHMIN,SP,0,0,Y,BJP
PURWA,UTTAR PRADESH,GENERAL,AVADH,RURAL,MIXED,3,UNNAO,24167,LODH,SP,0,0,n,BJP
SIDHAULI,UTTAR PRADESH,SC,AVADH,RURAL,MIXED,3,MOHANLALGANJ,24152,DALIT,SP,0,0,n,BSP
MALIHABAD,UTTAR PRADESH,SC,AVADH,RURAL,MIXED,3,MOHANLALGANJ,24168,DALIT,SP,0,0,Y,BJP
BAKSHI KAA TALAB,UTTAR PRADESH,GENERAL,AVADH,RURAL,MIXED,3,MOHANLALGANJ,24169,DALIT,SP,0,0,n,BJP
SAROJINI NAGAR,UTTAR PRADESH,GENERAL,AVADH,SEMI-URBAN,MIXED,3,MOHANLALGANJ,24170,DALIT,SP,0,0,Y,BJP
MOHANLALGANJ,UTTAR PRADESH,SC,AVADH,RURAL,MIXED,3,MOHANLALGANJ,24176,DALIT,SP,0,0,n,BSP
LUCKNOW WEST,UTTAR PRADESH,GENERAL,AVADH,URBAN,MIXED,3,LUCKNOW,24171,BRAHMIN,SP,0,Y,Y,BJP
LUCKNOW NORTH,UTTAR PRADESH,GENERAL,AVADH,URBAN,MIXED,3,LUCKNOW,24172,BRAHMIN,SP,BJP,0,n,BJP
LUCKNOW EAST,UTTAR PRADESH,GENERAL,AVADH,URBAN,MIXED,3,LUCKNOW,24173,BRAHMIN,BJP,0,0,n,BJP
LUCKNOW CENTRAL,UTTAR PRADESH,GENERAL,AVADH,URBAN,MUSLIM,3,LUCKNOW,24174,MUSLIM,SP,0,0,n,BJP
LUCKNOW CANTT,UTTAR PRADESH,GENERAL,AVADH,URBAN,MIXED,3,LUCKNOW,24175,BRAHMIN,CONG,0,0,n,BJP
BACHHRAWAN,UTTAR PRADESH,SC,AVADH,RURAL,MIXED,4,RAEBARELI,24177,DALIT,SP,0,0,Y,CONG
HARCHANDPUR,UTTAR PRADESH,GENERAL,AVADH,RURAL,MIXED,4,RAEBARELI,24179,DALIT,SP,0,0,Y,CONG
RAEBARELI,UTTAR PRADESH,GENERAL,AVADH,SEMI-URBAN,MIXED,4,RAEBARELI,24180,DALIT,PCP,0,Y,Y,CONG
SARENI,UTTAR PRADESH,GENERAL,AVADH,RURAL,MIXED,4,RAEBARELI,24182,DALIT,SP,0,0,n,CONG
UNCHAHAR,UTTAR PRADESH,GENERAL,AVADH,RURAL,MIXED,4,RAEBARELI,24183,DALIT,SP,0,0,n,CONG
TILOI,UTTAR PRADESH,GENERAL,AVADH,RURAL,MIXED,5,AMETHI,24178,MUSLIM,CONG,CONG,Y,Y,CONG
SALON,UTTAR PRADESH,SC,AVADH,RURAL,MIXED,4,AMETHI,24181,DALIT,SP,0,0,n,CONG
JAGDISHPUR,UTTAR PRADESH,SC,AVADH,RURAL,MIXED,5,AMETHI,24184,DALIT,CONG,CONG,0,Y,CONG
GAURIGANJ,UTTAR PRADESH,GENERAL,AVADH,RURAL,MIXED,5,AMETHI,24185,DALIT,SP,0,0,n,CONG
AMETHI,UTTAR PRADESH,GENERAL,AVADH,RURAL,MIXED,5,AMETHI,24186,DALIT,SP,0,0,n,CONG
ISAULI,UTTAR PRADESH,GENERAL,AVADH,RURAL,MIXED,5,SULTANPUR,24187,MUSLIM,SP,0,0,n,BJP
SULTANPUR,UTTAR PRADESH,GENERAL,AVADH,RURAL,MIXED,5,SULTANPUR,24188,MUSLIM,SP,0,Y,n,BJP
SADAR,UTTAR PRADESH,GENERAL,AVADH,RURAL,MIXED,5,SULTANPUR,24189,DALIT,SP,0,0,Y,BJP
LAMBHUA,UTTAR PRADESH,GENERAL,AVADH,RURAL,MIXED,5,SULTANPUR,24190,MUSLIM,SP,0,0,Y,BJP
KADIPUR,UTTAR PRADESH,SC,AVADH,RURAL,MIXED,5,SULTANPUR,24191,DALIT,SP,0,0,Y,BJP
RAMPUR KHAS,UTTAR PRADESH,GENERAL,AVADH,RURAL,MIXED,4,PRATAPGARH,24244,DALIT,CONG,CONG,0,n,CONG
VISHWANATHGANJ,UTTAR PRADESH,GENERAL,AVADH,RURAL,MIXED,4,PRATAPGARH,24247,KURMI,SP,0,0,Y,AD
PRATAPGARH,UTTAR PRADESH,GENERAL,AVADH,RURAL,MIXED,4,PRATAPGARH,24248,YADAV,SP,0,0,n,AD
PATTI,UTTAR PRADESH,GENERAL,AVADH,RURAL,MIXED,4,PRATAPGARH,24249,YADAV,SP,0,0,n,AD
RANIGANJ,UTTAR PRADESH,GENERAL,AVADH,RURAL,MIXED,4,PRATAPGARH,24250,BRAHMIN,SP,0,Y,n,AD
ALIGANJ,UTTAR PRADESH,GENERAL,DOAB,RURAL,MIXED,1,FARRUKHABAD,24103,YADAV,SP,0,0,n,SP
KAIMGANJ,UTTAR PRADESH,SC,DOAB,RURAL,MIXED,3,FARRUKHABAD,24192,MUSLIM,SP,0,0,Y,BJP
AMRITPUR,UTTAR PRADESH,GENERAL,DOAB,RURAL,MIXED,3,FARRUKHABAD,24193,YADAV,SP,0,0,Y,BJP
FARRUKHABAD,UTTAR PRADESH,GENERAL,DOAB,SEMI-URBAN,MIXED,3,FARRUKHABAD,24194,YADAV,IND,0,Y,n,BJP
BHOJPUR,UTTAR PRADESH,GENERAL,DOAB,RURAL,MIXED,3,FARRUKHABAD,24195,OBC,SP,0,0,n,BJP
ETAWAH,UTTAR PRADESH,GENERAL,DOAB,SEMI-URBAN,MIXED,3,ETAWAH,24200,DALIT,SP,0,0,Y,BJP
BHARTHANA,UTTAR PRADESH,SC,DOAB,RURAL,MIXED,3,ETAWAH,24201,DALIT,SP,0,0,Y,BJP
DIBIYAPUR,UTTAR PRADESH,GENERAL,DOAB,RURAL,MIXED,3,ETAWAH,24203,LODH,SP,0,0,Y,BJP
AURAIYA,UTTAR PRADESH,SC,DOAB,SEMI-URBAN,MIXED,3,ETAWAH,24204,DALIT,SP,0,0,Y,BJP
SIKANDRA,UTTAR PRADESH,GENERAL,DOAB,RURAL,MIXED,3,ETAWAH,24207,DALIT,BSP,0,0,n,BJP
CHHIBRAMAU,UTTAR PRADESH,GENERAL,DOAB,SEMI-URBAN,MIXED,3,KANNAUJ,24196,MUSLIM,SP,SP,Y,n,SP
TIRWA,UTTAR PRADESH,GENERAL,DOAB,RURAL,MIXED,3,KANNAUJ,24197,LODH,SP,0,0,n,BJP
KANNAUJ,UTTAR PRADESH,SC,DOAB,RURAL,MIXED,3,KANNAUJ,24198,DALIT,SP,SP,0,n,SP
BIDHUNA,UTTAR PRADESH,GENERAL,DOAB,RURAL,MIXED,3,KANNAUJ,24202,LODH,SP,0,0,Y,BJP
RASULABAD,UTTAR PRADESH,SC,DOAB,RURAL,MIXED,3,KANNAUJ,24205,DALIT,SP,SP,0,n,SP
GOVINDNAGAR,UTTAR PRADESH,GENERAL,DOAB,URBAN,MIXED,3,KANPUR,24212,BRAHMIN,BJP,0,0,Y,BJP
SISHAMAU,UTTAR PRADESH,GENERAL,DOAB,URBAN,MIXED,3,KANPUR,24213,MUSLIM,SP,0,0,n,BJP
ARYA NAGAR,UTTAR PRADESH,GENERAL,DOAB,URBAN,MIXED,3,KANPUR,24214,MUSLIM,BJP,BJP,Y,n,BJP
KIDWAI NAGAR,UTTAR PRADESH,GENERAL,DOAB,URBAN,MIXED,3,KANPUR,24215,BRAHMIN,CONG,0,0,n,BJP
KANPUR CANTT,UTTAR PRADESH,GENERAL,DOAB,URBAN,MIXED,3,KANPUR,24216,MUSLIM,BJP,0,Y,Y,CONG
AKBARPUR-RANIYA,UTTAR PRADESH,GENERAL,DOAB,RURAL,MIXED,3,AKBARPUR,24206,BRAHMIN,SP,0,0,n,BJP
BITHOOR,UTTAR PRADESH,GENERAL,DOAB,RURAL,MIXED,3,AKBARPUR,24210,BRAHMIN,SP,0,0,n,BJP
KALYANPUR,UTTAR PRADESH,GENERAL,DOAB,URBAN,MIXED,3,AKBARPUR,24211,BRAHMIN,SP,0,0,n,BJP
MAHARAJPUR,UTTAR PRADESH,GENERAL,DOAB,SEMI-URBAN,MIXED,3,AKBARPUR,24217,BRAHMIN,BJP,0,0,n,BJP
GHATAMPUR,UTTAR PRADESH,SC,DOAB,RURAL,MIXED,3,AKBARPUR,24218,DALIT,SP,0,0,Y,BJP
BHOGNIPUR,UTTAR PRADESH,GENERAL,DOAB,RURAL,MIXED,3,JALAUN,24208,DALIT,SP,0,0,n,BJP
MADHAUGARH,UTTAR PRADESH,GENERAL,BUNDELKHAND,RURAL,MIXED,4,JALAUN,24219,RAJPUT,BSP,0,0,Y,BJP
KALPI,UTTAR PRADESH,GENERAL,BUNDELKHAND,RURAL,MIXED,4,JALAUN,24220,RAJPUT,CONG,0,0,Y,BJP
ORAI,UTTAR PRADESH,SC,BUNDELKHAND,SEMI-URBAN,MIXED,4,JALAUN,24221,DALIT,SP,0,0,n,BJP
GARAUTHA,UTTAR PRADESH,GENERAL,BUNDELKHAND,RURAL,MIXED,4,JALAUN,24225,DALIT,SP,0,0,n,BJP
BABINA,UTTAR PRADESH,GENERAL,BUNDELKHAND,SEMI-URBAN,MIXED,4,JHANSI,24222,YADAV,BSP,0,0,Y,BJP
JHANSI NAGAR,UTTAR PRADESH,GENERAL,BUNDELKHAND,URBAN,MIXED,4,JHANSI,24223,BRAHMIN,BJP,0,0,Y,BJP
MAURANIPUR,UTTAR PRADESH,SC,BUNDELKHAND,RURAL,MIXED,4,JHANSI,24224,DALIT,SP,0,0,n,SP
LALITPUR,UTTAR PRADESH,GENERAL,BUNDELKHAND,RURAL,MIXED,4,JHANSI,24226,DALIT,BSP,0,0,Y,BJP
MEHRONI,UTTAR PRADESH,SC,BUNDELKHAND,RURAL,MIXED,4,JHANSI,24227,DALIT,BSP,0,0,Y,BJP
HAMIRPUR,UTTAR PRADESH,GENERAL,BUNDELKHAND,RURAL,MIXED,4,HAMIRPUR,24228,DALIT,BJP,0,0,Y,BJP
RATH,UTTAR PRADESH,SC,BUNDELKHAND,RURAL,MIXED,4,HAMIRPUR,24229,DALIT,CONG,0,0,Y,BJP
MAHOBA,UTTAR PRADESH,GENERAL,BUNDELKHAND,SEMI-URBAN,MIXED,4,HAMIRPUR,24230,OBC,BSP,0,0,n,BJP
CHARKHARI,UTTAR PRADESH,GENERAL,BUNDELKHAND,RURAL,MIXED,4,HAMIRPUR,24231,LODH,BJP,0,0,n,BJP
TINDWARI,UTTAR PRADESH,GENERAL,BUNDELKHAND,RURAL,MIXED,4,HAMIRPUR,24232,RAJPUT,CONG,0,0,Y,BJP
BABERU,UTTAR PRADESH,GENERAL,BUNDELKHAND,RURAL,MIXED,4,BANDA,24233,DALIT,SP,0,0,n,BJP
NARAINI,UTTAR PRADESH,SC,BUNDELKHAND,RURAL,MIXED,4,BANDA,24234,DALIT,BSP,0,0,n,BJP
BANDA,UTTAR PRADESH,GENERAL,BUNDELKHAND,SEMI-URBAN,MIXED,4,BANDA,24235,BRAHMIN,CONG,0,0,Y,BJP
CHITRAKOOT,UTTAR PRADESH,GENERAL,BUNDELKHAND,RURAL,MIXED,4,BANDA,24236,BRAHMIN,SP,0,0,n,BJP
MANIKPUR,UTTAR PRADESH,GENERAL,BUNDELKHAND,RURAL,MIXED,4,BANDA,24237,KURMI,BSP,0,0,Y,BJP
JAHANABAD,UTTAR PRADESH,GENERAL,DOAB,RURAL,MIXED,4,FATEHPUR,24238,KURMI,SP,0,0,Y,BJP
BINDKI,UTTAR PRADESH,GENERAL,DOAB,RURAL,MIXED,4,FATEHPUR,24239,DALIT,BSP,0,0,Y,BJP
FATEHPUR,UTTAR PRADESH,GENERAL,DOAB,SEMI-URBAN,MIXED,4,FATEHPUR,24240,MUSLIM,SP,0,0,n,BJP
AYAH SHAH,UTTAR PRADESH,GENERAL,DOAB,RURAL,MIXED,4,FATEHPUR,24241,DALIT,BSP,0,0,n,BJP
HUSAINGANJ,UTTAR PRADESH,GENERAL,DOAB,RURAL,MIXED,4,FATEHPUR,24242,MAURYA,BSP,0,Y,Y,BJP
KHAGA,UTTAR PRADESH,SC,DOAB,RURAL,MIXED,4,FATEHPUR,24243,DALIT,BJP,0,0,Y,BJP
BABAGANJ,UTTAR PRADESH,SC,AVADH,RURAL,MIXED,4,KAUSHAMBI,24245,DALIT,IND,0,0,n,SP
KUNDA,UTTAR PRADESH,GENERAL,AVADH,RURAL,MIXED,4,KAUSHAMBI,24246,BRAHMIN,IND,0,Y,n,SP
SIRATHU,UTTAR PRADESH,GENERAL,EAST,RURAL,MIXED,4,KAUSHAMBI,24251,DALIT,BJP,0,Y,Y,BJP
MANJHANPUR,UTTAR PRADESH,SC,EAST,RURAL,MIXED,4,KAUSHAMBI,24252,DALIT,BSP,0,0,n,BJP
CHAIL,UTTAR PRADESH,GENERAL,EAST,RURAL,MIXED,4,KAUSHAMBI,24253,DALIT,BSP,0,Y,Y,BJP
PHAPHAMAU,UTTAR PRADESH,GENERAL,EAST,RURAL,MIXED,4,PHULPUR,24254,MUSLIM,SP,0,0,n,BJP
SORAON,UTTAR PRADESH,SC,EAST,RURAL,MIXED,4,PHULPUR,24255,DALIT,SP,0,0,Y,BJP
PHULPUR,UTTAR PRADESH,GENERAL,EAST,RURAL,MIXED,4,PHULPUR,24256,MUSLIM,SP,0,Y,n,BJP
ALLAHABAD WEST,UTTAR PRADESH,GENERAL,EAST,SEMI-URBAN,MIXED,4,PHULPUR,24261,DALIT,BSP,0,0,Y,BJP
ALLAHABAD NORTH,UTTAR PRADESH,GENERAL,EAST,URBAN,MIXED,4,PHULPUR,24262,BRAHMIN,CONG,0,0,n,BJP
MEJA,UTTAR PRADESH,GENERAL,EAST,RURAL,MIXED,4,ALLAHABAD,24259,BRAHMIN,SP,SP,0,Y,SP
KARCHHANA,UTTAR PRADESH,GENERAL,EAST,RURAL,MIXED,4,ALLAHABAD,24260,BRAHMIN,BSP,0,0,n,SP
ALLAHABAD SOUTH,UTTAR PRADESH,GENERAL,EAST,URBAN,MIXED,4,ALLAHABAD,24263,BRAHMIN,SP,0,Y,n,BJP
BARA,UTTAR PRADESH,SC,EAST,RURAL,MIXED,4,ALLAHABAD,24264,BRAHMIN,SP,0,0,Y,BJP
KORAON,UTTAR PRADESH,SC,EAST,RURAL,MIXED,4,ALLAHABAD,24265,ST,BSP,0, ,Y,BJP
KURSI,UTTAR PRADESH,GENERAL,AVADH,RURAL,MIXED,3,BARABANKI,24266,MUSLIM,SP,0,0,n,BJP
RAM NAGAR,UTTAR PRADESH,GENERAL,AVADH,RURAL,MIXED,3,BARABANKI,24267,MUSLIM,SP,0,Y,Y,BJP
BARABANKI,UTTAR PRADESH,GENERAL,AVADH,RURAL,MIXED,3,BARABANKI,24268,MUSLIM,SP,0,0,n,BJP
ZAIDPUR,UTTAR PRADESH,SC,AVADH,RURAL,MIXED,3,BARABANKI,24269,MUSLIM,SP,0,0,Y,BJP
HAIDERGARH,UTTAR PRADESH,SC,AVADH,RURAL,MIXED,3,BARABANKI,24272,BRAHMIN,SP,0,0,n,BJP
DARIYABAD,UTTAR PRADESH,GENERAL,AVADH,RURAL,MIXED,3,FAIZABAD,24270,MUSLIM,SP,0,Y,n,BJP
RUDAULI,UTTAR PRADESH,GENERAL,AVADH,RURAL,MIXED,5,FAIZABAD,24271,MUSLIM,BJP,0,Y,Y,BJP
MILKIPUR,UTTAR PRADESH,SC,AVADH,RURAL,MIXED,5,FAIZABAD,24273,DALIT,SP,0,0,n,BJP
BIKAPUR,UTTAR PRADESH,GENERAL,AVADH,RURAL,MIXED,5,FAIZABAD,24274,MUSLIM,SP,0,0,n,BJP
AYODHYA,UTTAR PRADESH,GENERAL,AVADH,SEMI-URBAN,MIXED,5,FAIZABAD,24275,BRAHMIN,SP,0,Y,Y,BJP
GOSHAINGANJ,UTTAR PRADESH,GENERAL,AVADH,RURAL,MIXED,5,AMBEDKAR NAGAR,24276,BRAHMIN,SP,0,0,n,BJP
KATEHARI,UTTAR PRADESH,GENERAL,EAST,RURAL,MIXED,5,AMBEDKAR NAGAR,24277,DALIT,SP,0,0,n,BJP
TANDA,UTTAR PRADESH,GENERAL,EAST,SEMI-URBAN,MUSLIM,5,AMBEDKAR NAGAR,24278,MUSLIM,SP,0,0,Y,BJP
JALALPUR,UTTAR PRADESH,GENERAL,EAST,RURAL,MIXED,5,AMBEDKAR NAGAR,24280,DALIT,SP,0,0,n,BJP
AKBARPUR,UTTAR PRADESH,GENERAL,EAST,RURAL,MIXED,5,AMBEDKAR NAGAR,24281,DALIT,SP,0,0,n,BJP
BALHA,UTTAR PRADESH,SC,NORTH EAST,RURAL,MUSLIM,5,BAHRAICH,24282,MUSLIM,BJP,0,0,n,BJP
NANPARA,UTTAR PRADESH,GENERAL,NORTH EAST,RURAL,MUSLIM,5,BAHRAICH,24283,MUSLIM,CONG,0,Y,Y,BJP
MATERA,UTTAR PRADESH,GENERAL,NORTH EAST,RURAL,MIXED,5,BAHRAICH,24284,MUSLIM,SP,0,Y,n,SP
MAHASI,UTTAR PRADESH,GENERAL,NORTH EAST,RURAL,MIXED,5,BAHRAICH,24285,MUSLIM,BSP,0,0,Y,BJP
BAHRAICH,UTTAR PRADESH,GENERAL,NORTH EAST,SEMI-URBAN,MUSLIM,5,BAHRAICH,24286,MUSLIM,SP,0,0,n,BJP
PAYAGPUR,UTTAR PRADESH,GENERAL,NORTH EAST,RURAL,MIXED,5,KAISERGANJ,24287,MUSLIM,CONG,0,Y,n,BJP
KAISERGANJ,UTTAR PRADESH,GENERAL,NORTH EAST,RURAL,MUSLIM,5,KAISERGANJ,24288,MUSLIM,BJP,0,Y,n,BJP
KATRA BAZAR,UTTAR PRADESH,GENERAL,NORTH EAST,RURAL,MIXED,5,KAISERGANJ,24297,BRAHMIN,BJP,0,Y,n,BJP
COLONELGANJ,UTTAR PRADESH,GENERAL,NORTH EAST,RURAL,MIXED,5,KAISERGANJ,24298,RAJPUT,SP,0,0,n,BJP
TARABGANJ,UTTAR PRADESH,GENERAL,NORTH EAST,RURAL,MIXED,5,KAISERGANJ,24299,RAJPUT,SP,0,0,n,BJP
BHINGA,UTTAR PRADESH,GENERAL,NORTH EAST,RURAL,MUSLIM,5,SHRAWASTI,24289,MUSLIM,SP,0,Y,n,BJP
SHRAWASTI,UTTAR PRADESH,GENERAL,NORTH EAST,RURAL,MIXED,5,SHRAWASTI,24290,BRAHMIN,SP,0,0,n,BJP
TULSIPUR,UTTAR PRADESH,GENERAL,NORTH EAST,RURAL,MUSLIM,5,SHRAWASTI,24291,MUSLIM,SP,0,0,n,BJP
GAINSARI,UTTAR PRADESH,GENERAL,NORTH EAST,RURAL,MUSLIM,5,SHRAWASTI,24292,MUSLIM,SP,0,Y,n,BJP
BALRAMPUR,UTTAR PRADESH,SC,NORTH EAST,RURAL,MUSLIM,5,SHRAWASTI,24294,MUSLIM,SP,0,0,Y,BJP
UTRAULA,UTTAR PRADESH,GENERAL,NORTH EAST,RURAL,MUSLIM,5,GONDA,24293,MUSLIM,SP,0,Y,n,BJP
MEHNAUN,UTTAR PRADESH,GENERAL,NORTH EAST,RURAL,MIXED,5,GONDA,24295,BRAHMIN,SP,0,Y,Y,BJP
GONDA,UTTAR PRADESH,GENERAL,NORTH EAST,SEMI-URBAN,MIXED,5,GONDA,24296,BRAHMIN,SP,0,Y,n,BJP
MANKAPUR,UTTAR PRADESH,SC,NORTH EAST,RURAL,MIXED,5,GONDA,24300,RAJPUT,SP,0,0,Y,BJP
GAURA,UTTAR PRADESH,GENERAL,NORTH EAST,RURAL,MUSLIM,5,GONDA,24301,MUSLIM,SP,0,Y,Y,BJP
SHOHRATGARH,UTTAR PRADESH,GENERAL,NORTH EAST,RURAL,MUSLIM,5,DOMARIYAGANJ,24302,KURMI,SP,0,Y,n,BJP
KAPILVASTU,UTTAR PRADESH,SC,NORTH EAST,RURAL,MIXED,5,DOMARIYAGANJ,24303,DALIT,SP,0,0,n,BJP
BANSI,UTTAR PRADESH,GENERAL,NORTH EAST,RURAL,MIXED,5,DOMARIYAGANJ,24304,BRAHMIN,BJP,0,0,n,BJP
ITWA,UTTAR PRADESH,GENERAL,NORTH EAST,RURAL,MUSLIM,5,DOMARIYAGANJ,24305,MUSLIM,SP,0,Y,n,BSP
DOOMARIYAGANJ,UTTAR PRADESH,GENERAL,NORTH EAST,RURAL,MIXED,5,DOMARIYAGANJ,24306,MUSLIM,PCP,0,Y,Y,BJP
HARRAIYA,UTTAR PRADESH,GENERAL,NORTH EAST,RURAL,MIXED,5,BASTI,24307,BRAHMIN,SP,0,0,n,BJP
KAPTANGANJ,UTTAR PRADESH,GENERAL,NORTH EAST,RURAL,MIXED,5,BASTI,24308,BRAHMIN,BSP,0,0,Y,BJP
RUDHAULI,UTTAR PRADESH,GENERAL,NORTH EAST,RURAL,MIXED,5,BASTI,24309,DALIT,CONG,0,0,Y,BJP
BASTI SADAR,UTTAR PRADESH,GENERAL,NORTH EAST,SEMI-URBAN,MIXED,5,BASTI,24310,BRAHMIN,BSP,0,0,Y,BJP
MAHADEWA,UTTAR PRADESH,SC,NORTH EAST,RURAL,MIXED,5,BASTI,24311,DALIT,SP,0,0,n,SP
ALAPUR,UTTAR PRADESH,SC,EAST,RURAL,MIXED,5,SANT KABIR NAGAR,24279,DALIT,SP,0,0,Y,BJP
MENHDAWAL,UTTAR PRADESH,GENERAL,NORTH EAST,RURAL,MIXED,5,SANT KABIR NAGAR,24312,MUSLIM,SP,0,0,n,BJP
KHALILABAD,UTTAR PRADESH,GENERAL,NORTH EAST,RURAL,MIXED,5,SANT KABIR NAGAR,24313,MUSLIM,PCP,0,Y,Y,BJP
DHANGHATA,UTTAR PRADESH,SC,NORTH EAST,RURAL,MIXED,5,SANT KABIR NAGAR,24314,DALIT,SP,SP,0,n,SP
KHAJANI,UTTAR PRADESH,SC,NORTH EAST,RURAL,MIXED,6,SANT KABIR NAGAR,24325,DALIT,BJP,0,0,Y,BJP
PHARENDA,UTTAR PRADESH,GENERAL,NORTH EAST,RURAL,MIXED,6,MAHARAJGANJ,24315,BRAHMIN,BJP,0,0,Y,BJP
NAUTANWA,UTTAR PRADESH,GENERAL,NORTH EAST,RURAL,MIXED,6,MAHARAJGANJ,24316,BRAHMIN,CONG,0,Y,n,BJP
SISWA,UTTAR PRADESH,GENERAL,NORTH EAST,RURAL,MIXED,6,MAHARAJGANJ,24317,DALIT,SP,0,0,n,BJP
MAHARAJGANJ,UTTAR PRADESH,SC,NORTH EAST,RURAL,MIXED,6,MAHARAJGANJ,24318,DALIT,SP,0,0,Y,BJP
PANIYARA,UTTAR PRADESH,GENERAL,NORTH EAST,RURAL,MIXED,6,MAHARAJGANJ,24319,DALIT,BSP,0,0,Y,BJP
CAIMPIYARGANJ,UTTAR PRADESH,GENERAL,NORTH EAST,RURAL,MIXED,6,GORAKHPUR,24320,NISHAD,NCP,0,0,Y,BJP
PIPRAICH,UTTAR PRADESH,GENERAL,NORTH EAST,RURAL,MIXED,6,GORAKHPUR,24321,NISHAD,SP,0,Y,Y,BJP
GORAKHPUR URBAN,UTTAR PRADESH,GENERAL,NORTH EAST,URBAN,MIXED,6,GORAKHPUR,24322,VAISHYA,BJP,BJP,0,Y,BJP
GORAKHPUR RURAL,UTTAR PRADESH,GENERAL,NORTH EAST,SEMI-URBAN,MIXED,6,GORAKHPUR,24323,MUSLIM,BJP,BJP,0,n,BJP
SAHAJANWA,UTTAR PRADESH,GENERAL,NORTH EAST,RURAL,MIXED,6,GORAKHPUR,24324,RAJPUT,BSP,0,0,n,BJP
KHADDA,UTTAR PRADESH,GENERAL,NORTH EAST,RURAL,MIXED,6,KUSHI NAGAR,24329,DALIT,CONG,0,0,n,BJP
PADRAUNA,UTTAR PRADESH,GENERAL,NORTH EAST,RURAL,MIXED,6,KUSHI NAGAR,24330,KUSHWAHA,BSP,0,Y,Y,CONG
KUSHINAGAR,UTTAR PRADESH,GENERAL,NORTH EAST,RURAL,MIXED,6,KUSHI NAGAR,24333,BRAHMIN,SP,0,0,n,BJP
HATA,UTTAR PRADESH,GENERAL,NORTH EAST,RURAL,MIXED,6,KUSHI NAGAR,24334,RAJPUT,SP,0,0,n,BJP
RAMKOLA,UTTAR PRADESH,SC,NORTH EAST,RURAL,MIXED,6,KUSHI NAGAR,24335,RAJPUT,SP,0,0,n,BJP
TAMKUHI RAJ,UTTAR PRADESH,GENERAL,NORTH EAST,RURAL,MIXED,6,DEORIA,24331,KUSHWAHA,CONG,0,0,Y,BJP
FAZILNAGAR,UTTAR PRADESH,GENERAL,NORTH EAST,RURAL,MIXED,6,DEORIA,24332,MAURYA,BJP,0,0,Y,BJP
DEORIA,UTTAR PRADESH,GENERAL,NORTH EAST,SEMI-URBAN,MIXED,6,DEORIA,24337,BRAHMIN,BJP,BJP,0,Y,BJP
PATHARDEVA,UTTAR PRADESH,GENERAL,NORTH EAST,RURAL,MIXED,6,DEORIA,24338,BRAHMIN,SP,0,0,n,BJP
RAMPUR KARKHANA,UTTAR PRADESH,GENERAL,NORTH EAST,RURAL,MIXED,6,DEORIA,24339,RAJPUT,SP,0,0,n,BJP
CHAURI-CHAURA,UTTAR PRADESH,GENERAL,NORTH EAST,RURAL,MIXED,6,BANSGAON,24326,NISHAD,BSP,0,0,Y,BJP
BANSGAON,UTTAR PRADESH,SC,NORTH EAST,RURAL,MIXED,6,BANSGAON,24327,DALIT,BSP,0,0,Y,BJP
CHILLUPAR,UTTAR PRADESH,GENERAL,NORTH EAST,RURAL,MIXED,6,BANSGAON,24328,YADAV,BSP,0,0,Y,BJP
RUDRAPUR,UTTAR PRADESH,GENERAL,NORTH EAST,RURAL,MIXED,6,BANSGAON,24336,NISHAD,CONG,0,0,Y,BJP
BARHAJ,UTTAR PRADESH,GENERAL,NORTH EAST,RURAL,MIXED,6,BANSGAON,24342,DALIT,SP,0,0,Y,BJP
ATRAULIA,UTTAR PRADESH,GENERAL,EAST,RURAL,MIXED,6,LALGANJ,24343,YADAV,SP,0,0,n,BJP
NIZAMABAD,UTTAR PRADESH,GENERAL,EAST,RURAL,MIXED,6,LALGANJ,24348,YADAV,SP,0,0,n,BJP
PHOOLPUR PAWAI,UTTAR PRADESH,GENERAL,EAST,RURAL,MIXED,6,LALGANJ,24349,YADAV,SP,0,Y,n,BJP
DIDARGANJ,UTTAR PRADESH,GENERAL,EAST,RURAL,MIXED,6,LALGANJ,24350,MUSLIM,SP,0,0,n,BJP
LALGANJ,UTTAR PRADESH,SC,EAST,RURAL,MIXED,6,LALGANJ,24351,DALIT,SP,0,0,n,BJP
GOPALPUR,UTTAR PRADESH,GENERAL,EAST,RURAL,MIXED,6,AZAMGARH,24344,DALIT,SP,0,0,Y,SP
SAGRI,UTTAR PRADESH,GENERAL,EAST,RURAL,MIXED,6,AZAMGARH,24345,MUSLIM,SP,0,0,n,SP
MUBARAKPUR,UTTAR PRADESH,GENERAL,EAST,RURAL,MIXED,6,AZAMGARH,24346,DALIT,BSP,0,Y,Y,SP
AZAMGARH,UTTAR PRADESH,GENERAL,EAST,RURAL,MIXED,6,AZAMGARH,24347,MUSLIM,SP,0,0,n,SP
MEHNAGAR,UTTAR PRADESH,SC,EAST,RURAL,MIXED,6,AZAMGARH,24352,DALIT,SP,0,0,Y,SP
MADHUBAN,UTTAR PRADESH,GENERAL,EAST,RURAL,MIXED,6,GHOSI,24353,DALIT,BSP,0,0,Y,BJP
GHOSI,UTTAR PRADESH,GENERAL,EAST,RURAL,MIXED,6,GHOSI,24354,DALIT,SP,0,Y,n,BJP
MUHAMMADABAD-GOHNA,UTTAR PRADESH,SC,EAST,RURAL,MIXED,6,GHOSI,24355,DALIT,SP,0,0,n,BJP
MAU,UTTAR PRADESH,GENERAL,EAST,SEMI-URBAN,MIXED,6,GHOSI,24356,MUSLIM,QED,0,Y,n,BJP
RASARA,UTTAR PRADESH,GENERAL,EAST,RURAL,MIXED,6,GHOSI,24358,DALIT,BSP,0,0,n,BJP
BHATPAR RANI,UTTAR PRADESH,GENERAL,NORTH EAST,RURAL,MIXED,6,SALEMPUR,24340,KUSHWAHA,SP,0,0,n,BJP
SALEMPUR,UTTAR PRADESH,SC,NORTH EAST,RURAL,MIXED,6,SALEMPUR,24341,DALIT,SP,0,0,n,BJP
BELTHARA ROAD,UTTAR PRADESH,SC,EAST,RURAL,MIXED,6,SALEMPUR,24357,DALIT,SP,0,0,n,BJP
SIKANDERPUR,UTTAR PRADESH,GENERAL,EAST,RURAL,MIXED,6,SALEMPUR,24359,YADAV,SP,0,0,n,BJP
BANSDIH,UTTAR PRADESH,GENERAL,EAST,RURAL,MIXED,6,SALEMPUR,24362,DALIT,SP,0,0,Y,BJP
PHEPHANA,UTTAR PRADESH,GENERAL,EAST,RURAL,MIXED,6,BALLIA,24360,YADAV,BJP,0,0,Y,BJP
BALLIA NAGAR,UTTAR PRADESH,GENERAL,EAST,SEMI-URBAN,MIXED,6,BALLIA,24361,BRAHMIN,SP,0,0,Y,BJP
BAIRIA,UTTAR PRADESH,GENERAL,EAST,RURAL,MIXED,6,BALLIA,24363,DALIT,SP,0,0,n,BJP
ZAHOORABAD,UTTAR PRADESH,GENERAL,EAST,RURAL,MIXED,7,BALLIA,24377,DALIT,SP,0,0,Y,BJP
MOHAMMADABAD,UTTAR PRADESH,GENERAL,EAST,RURAL,MIXED,7,BALLIA,24378,DALIT,QED,0,Y,Y,BJP
BADLAPUR,UTTAR PRADESH,GENERAL,EAST,RURAL,MIXED,7,JAUNPUR,24364,YADAV,SP,0,0,Y,BJP
SHAHGANJ,UTTAR PRADESH,GENERAL,EAST,RURAL,MIXED,7,JAUNPUR,24365,DALIT,SP,0,0,Y,BJP
JAUNPUR,UTTAR PRADESH,GENERAL,EAST,SEMI-URBAN,MIXED,7,JAUNPUR,24366,MUSLIM,CONG,0,0,Y,BJP
MALHANI,UTTAR PRADESH,GENERAL,EAST,RURAL,MIXED,7,JAUNPUR,24367,YADAV,SP,0,0,n,BJP
MUNGRA BADSHAHPUR,UTTAR PRADESH,GENERAL,EAST,RURAL,MIXED,7,JAUNPUR,24368,BRAHMIN,BJP,0,0,Y,BJP
MACHHLISHAHR,UTTAR PRADESH,SC,EAST,RURAL,MIXED,7,MACHHLISHAHR,24369,DALIT,SP,0,0,n,BJP
MARIYAHU,UTTAR PRADESH,GENERAL,EAST,RURAL,MIXED,7,MACHHLISHAHR,24370,DALIT,SP,0,0,n,BJP
ZAFRABAD,UTTAR PRADESH,GENERAL,EAST,RURAL,MIXED,7,MACHHLISHAHR,24371,RAJPUT,SP,0,0,n,BJP
KERAKAT,UTTAR PRADESH,SC,EAST,RURAL,MIXED,7,MACHHLISHAHR,24372,DALIT,SP,0,0,n,BJP
PINDRA,UTTAR PRADESH,GENERAL,EAST,RURAL,MIXED,7,MACHHLISHAHR,24384,KURMI,CONG,0,0,Y,BJP
JAKHANIAN,UTTAR PRADESH,SC,EAST,RURAL,MIXED,7,GHAZIPUR,24373,DALIT,SP,0,0,Y,BJP
SAIDPUR,UTTAR PRADESH,SC,EAST,RURAL,MIXED,7,GHAZIPUR,24374,DALIT,SP,0,0,n,BJP
GHAZIPUR,UTTAR PRADESH,GENERAL,EAST,SEMI-URBAN,MIXED,7,GHAZIPUR,24375,DALIT,SP,0,0,Y,BJP
JANGIPUR,UTTAR PRADESH,GENERAL,EAST,RURAL,MIXED,7,GHAZIPUR,24376,DALIT,SP,0,0,n,BJP
ZAMANIA,UTTAR PRADESH,GENERAL,EAST,RURAL,MIXED,7,GHAZIPUR,24379,MUSLIM,SP,0,0,n,BJP
MUGHALSARAI,UTTAR PRADESH,GENERAL,EAST,SEMI-URBAN,MIXED,7,CHANDAULI,24380,VAISHYA,BSP,0,0,n,BJP
SAKALDIHA,UTTAR PRADESH,GENERAL,EAST,RURAL,MIXED,7,CHANDAULI,24381,DALIT,IND,0,0,n,BJP
SAIYADRAJA,UTTAR PRADESH,GENERAL,EAST,RURAL,MIXED,7,CHANDAULI,24382,DALIT,IND,0,0,n,BJP
AJAGARA,UTTAR PRADESH,SC,EAST,RURAL,MIXED,7,CHANDAULI,24385,DALIT,BSP,0,0,n,BJP
SHIVPUR,UTTAR PRADESH,GENERAL,EAST,RURAL,MIXED,7,CHANDAULI,24386,DALIT,BSP,0,0,Y,BJP
ROHANIYA,UTTAR PRADESH,GENERAL,EAST,RURAL,MIXED,7,VARANASI,24387,KURMI,AD,0,0,Y,BJP
VARANASI NORTH,UTTAR PRADESH,GENERAL,EAST,URBAN,MIXED,7,VARANASI,24388,VAISHYA,BJP,BJP,0,Y,BJP
VARANASI SOUTH,UTTAR PRADESH,GENERAL,EAST,URBAN,MUSLIM,7,VARANASI,24389,MUSLIM,BJP,BJP,0,Y,BJP
VARANASI CANTT,UTTAR PRADESH,GENERAL,EAST,URBAN,MUSLIM,7,VARANASI,24390,BRAHMIN,BJP,BJP,Y,Y,BJP
SEVAPURI,UTTAR PRADESH,GENERAL,EAST,RURAL,MIXED,7,VARANASI,24391,KURMI,SP,0,0,n,BJP
PRATAPPUR,UTTAR PRADESH,GENERAL,EAST,RURAL,MIXED,4,BHADOHI,24257,KURMI,SP,0,Y,n,BJP
HANDIA,UTTAR PRADESH,GENERAL,EAST,RURAL,MIXED,4,BHADOHI,24258,BRAHMIN,SP,0,0,n,BJP
BHADOHI,UTTAR PRADESH,GENERAL,EAST,RURAL,MIXED,7,BHADOHI,24392,DALIT,SP,0,0,n,BJP
GYANPUR,UTTAR PRADESH,GENERAL,EAST,RURAL,MIXED,7,BHADOHI,24393,BRAHMIN,SP,0,0,Y,BJP
AURAI,UTTAR PRADESH,SC,EAST,SEMI-URBAN,MIXED,7,BHADOHI,24394,DALIT,SP,0,0,Y,BJP
CHHANBEY,UTTAR PRADESH,SC,EAST,RURAL,MIXED,7,MIRZAPUR,24395,DALIT,SP,0,0,n,AD
MIRZAPUR,UTTAR PRADESH,GENERAL,EAST,SEMI-URBAN,MIXED,7,MIRZAPUR,24396,DALIT,SP,0,Y,n,AD
MAJHAWAN,UTTAR PRADESH,GENERAL,EAST,RURAL,MIXED,7,MIRZAPUR,24397,NISHAD,BSP,0,0,Y,AD
CHUNAR,UTTAR PRADESH,GENERAL,EAST,RURAL,MIXED,7,MIRZAPUR,24398,KURMI,SP,0,0,n,AD
MARIHAN,UTTAR PRADESH,GENERAL,EAST,RURAL,MIXED,7,MIRZAPUR,24399,KURMI,CONG,0,0,Y,AD
CHAKIA,UTTAR PRADESH,SC,EAST,RURAL,MIXED,7,ROBERTSGANJ,24383,DALIT,SP,0,0,n,BJP
GHORAWAL,UTTAR PRADESH,GENERAL,EAST,RURAL,MIXED,7,ROBERTSGANJ,24400,MAURYA,SP,0,0,Y,BJP
ROBERTSGANJ,UTTAR PRADESH,GENERAL,EAST,RURAL,MIXED,7,ROBERTSGANJ,24401,DALIT,SP,0,0,n,BJP
OBRA,UTTAR PRADESH,GENERAL,EAST,SEMI-URBAN,MIXED,7,ROBERTSGANJ,24402,YADAV,BSP,0,0,Y,BJP
DUDDHI,UTTAR PRADESH,SC,EAST,RURAL,MIXED,7,ROBERTSGANJ,24403,ST,IND,0,0,Y,BJP
